col_1,col_2,col_3,col_4,col_5,col_6,col_7,col_8,col_9,col_10
1,d62ea944,a427fb0d,c0d51196,b804ee6b,9785de93,33210aa6,368adc8a,410cc0be,2875470a
2,01fa2da6,b3368c80,564580d4,fbef68ef,1b0367ce,4261a535,8dbfa473,821f9f3c,d2c6bf34
3,0af61e74,714b49d7,befca1c3,77fe54a2,cbfd495d,c93d2ffb,e7ba386f,387aebf6,ebd9a4e1
4,23fa6f4f,cfe52fa7,c74f9493,b6d5953e,cde74ee6,d9cca5be,9646663,966ba995,398a83a4
5,ec8303af,a1f16dd2,5525fe92,908236ce,4655382d,8163fc12,47785a1b,e155a428,af55d65c
6,4faed46d,76f23642,8a287f86,fce1858c,e8eb7e50,c4f8f0a2,4dfcaf53,b598b1fa,3897ffb2
7,f00ca395,74f7f2b2,dc7b8345,702e8868,4e813ad9,4a6135eb,f80bee4e,76db2ad0,93dabe74
8,b362ec58,366ee29d,79d44ffa,aa8fe0cc,19e9dfd5,84177f4e,fb484ef1,de1daa7c,c5e98f1f
9,805c7d56,e52b9683,94c9545e,8e403a87,04f1162a,bce7f9d6,9ecee953,3a7ce571,23110b05
10,7caf5448,33c2fd76,a638d1de,8234c754,63b8d2e1,713f97e6,5d448858,0c798a1b,c617a785
