col_1,col_2,col_3,col_4,col_5,col_6,col_7,col_8,col_9,col_10,col_11,col_12,col_13,col_14,col_15
1,06c1612c,d8b40f18,f5fa0a1c,f4b7eadd,61ab0024,196883b7,963bb466,f634205c,2827f490,a1cccaa0,2de5b5a9,6b9141f8,c2c6cecb,9469a1c3
2,5dcca482,133acd31,4bc574ff,0ecb6f31,b8a15bc2,11016615,cb10d435,6ad168ab,8f3e6293,c167e4e4,10bc6cd8,35501ae9,3161d9ed,141432a0
3,94add652,e579b35a,b04f26a3,8de2c304,d4f4f876,8f4a1cae,43b17eee,f2c0ead1,f2548ea8,6d30893d,bffd61d8,2f863d46,975346cb,5b82db4e
4,3d0c771c,db9ad65a,65b04d2f,2a8a789c,7b3984dc,7e21b818,ea3ccf11,e0a2f418,fccd8b3c,e57638f2,4d72e4b6,e13f50b3,38c4ce06,560bd937
5,4ce303a4,648ede87,2153770b,2ae68feb,e59450aa,f0b0378f,a3445700,2175aa21,639885d7,9d7ad7d8,2b22bb8d,29cb615a,c00258be,2854b9b8
6,5741e6f9,7069fc0a,f9ddaf44,a6c7dd13,b9f4d6d5,b210cfd4,81bbefbf,a553d6c0,1533b328,8b991bc3,0b24b4ca,f788cfcf,0114ff3c,7084956f
7,d7512035,40e5aa0a,b2b3dc72,58af059e,867b91c0,7fd76fab,74cc249f,bc783c52,c3d278f7,255b9895,b8d6df04,d76da833,2709811b,2e78a9b0
8,2be0b2ec,d32b23de,5484af20,65ff62ce,10d32596,76da50fe,1562bfdb,b7090d35,157c2f6b,545c916d,b53f3f4f,7b2e488b,f3e6fd33,f45cffdf
9,5c8b34cc,a702994a,e39af77f,c202e4de,72e09c23,feb00bf1,234fe33f,ff4800d9,8303bf78,8217f6fd,cacaadc5,64c337d4,7f3b15f0,227244b3
10,92ee7de1,1ea07751,9d888bf1,75281556,b92e592e,99a166da,e400b84c,fd79b427,9e4f29dd,3eb72143,0a335ba1,a16a7dbf,de5a6240,83761d71
11,1b74231d,01921cb4,9652f904,2e3c7d93,7b44534c,febdc38c,da751dac,f30d1e16,32b620da,d7d2f0ca,11c1c9c9,9df21858,be342002,86aad5d9
12,7e2783d9,dd94ac35,87d3c7cd,3c446331,c2798cdf,264b5cba,da0e3674,ff834d4a,0059c902,6b74d8fd,c8b49b9c,a2ea275a,96e871c1,b33e86bb
13,029d06c3,df82e182,4510e90d,a52b35ca,25b0ba96,62b72756,6cd8f821,5634e9a1,e268f6a6,b4774907,ed921ea2,17f6601a,8f649a84,15e94bfc
14,defa89e8,4e3e2f52,220e10a4,d6f9d0aa,5a8501cb,e9e4c84d,808d23d3,fee14014,b8589391,76327cc7,d50ff09c,23f9b191,58cce182,a0124c77
15,8139abe4,c49ae9f2,2c5d9f11,14262926,178fe166,298a7d15,50ef7288,d31fd513,f8026067,36c329f3,dbd794a4,22736258,54ae2b59,67cc5de0
